{
    "nethermind": {
        "10M": {
            "second": {
                "max": 743.5,
                "p50": 731.45,
                "p95": 739.72,
                "p99": 742.744,
                "min": 679.6,
                "count": 8
            },
            "first": {
                "max": 745.8,
                "p50": 696.5,
                "p95": 743.665,
                "p99": 745.3729999999999,
                "min": 678.2,
                "count": 8
            }
        },
        "1000M": {
            "first": {
                "max": 27330.56,
                "p50": 26240.0,
                "p95": 27269.632,
                "p99": 27318.3744,
                "min": 26081.28,
                "count": 8
            },
            "second": {
                "max": 27371.52,
                "p50": 27084.800000000003,
                "p95": 27357.184,
                "p99": 27368.6528,
                "min": 25702.4,
                "count": 8
            }
        },
        "100M": {
            "first": {
                "max": 3291.136,
                "p50": 3249.6639999999998,
                "p95": 3284.6848,
                "p99": 3289.84576,
                "min": 3160.064,
                "count": 8
            },
            "second": {
                "max": 3276.8,
                "p50": 3215.3599999999997,
                "p95": 3267.4816,
                "p99": 3274.9363200000003,
                "min": 3170.304,
                "count": 8
            }
        },
        "500M": {
            "second": {
                "max": 16199.68,
                "p50": 16112.64,
                "p95": 16188.928,
                "p99": 16197.5296,
                "min": 15421.44,
                "count": 8
            },
            "first": {
                "max": 16209.92,
                "p50": 16066.560000000001,
                "p95": 16199.168,
                "p99": 16207.7696,
                "min": 15544.32,
                "count": 8
            }
        },
        "1M": {
            "second": {
                "max": 489.2,
                "p50": 468.04999999999995,
                "p95": 488.185,
                "p99": 488.997,
                "min": 449.4,
                "count": 8
            },
            "first": {
                "max": 489.6,
                "p50": 452.15,
                "p95": 489.14500000000004,
                "p99": 489.509,
                "min": 447.0,
                "count": 8
            }
        }
    },
    "reth": {
        "500M": {
            "first": {
                "max": 10803.2,
                "p50": 10011.648000000001,
                "p95": 10692.096,
                "p99": 10780.9792,
                "min": 9428.992,
                "count": 8
            },
            "second": {
                "max": 3206.144,
                "p50": 3193.8559999999998,
                "p95": 3206.144,
                "p99": 3206.144,
                "min": 3177.472,
                "count": 8
            }
        },
        "1000M": {
            "second": {
                "max": 7156.736,
                "p50": 7138.304,
                "p95": 7154.9439999999995,
                "p99": 7156.3776,
                "min": 7111.68,
                "count": 8
            },
            "first": {
                "max": 22046.72,
                "p50": 21806.08,
                "p95": 22043.136000000002,
                "p99": 22046.003200000003,
                "min": 21360.64,
                "count": 8
            }
        },
        "1M": {
            "second": {
                "max": 0.0,
                "p50": 0.0,
                "p95": 0.0,
                "p99": 0.0,
                "min": 0.0,
                "count": 8
            },
            "first": {
                "max": 0.0,
                "p50": 0.0,
                "p95": 0.0,
                "p99": 0.0,
                "min": 0.0,
                "count": 8
            }
        },
        "100M": {
            "second": {
                "max": 0.0,
                "p50": 0.0,
                "p95": 0.0,
                "p99": 0.0,
                "min": 0.0,
                "count": 8
            },
            "first": {
                "max": 1689.6,
                "p50": 1353.728,
                "p95": 1689.6,
                "p99": 1689.6,
                "min": 1288.192,
                "count": 8
            }
        },
        "10M": {
            "first": {
                "max": 0.0,
                "p50": 0.0,
                "p95": 0.0,
                "p99": 0.0,
                "min": 0.0,
                "count": 8
            },
            "second": {
                "max": 0.0,
                "p50": 0.0,
                "p95": 0.0,
                "p99": 0.0,
                "min": 0.0,
                "count": 8
            }
        }
    },
    "erigon": {
        "100M": {
            "first": {
                "max": 3297.28,
                "p50": 3180.032,
                "p95": 3271.4752000000003,
                "p99": 3292.11904,
                "min": 2691.072,
                "count": 8
            },
            "second": {
                "max": 0.0,
                "p50": 0.0,
                "p95": 0.0,
                "p99": 0.0,
                "min": 0.0,
                "count": 8
            }
        },
        "1M": {
            "second": {
                "max": 0.0,
                "p50": 0.0,
                "p95": 0.0,
                "p99": 0.0,
                "min": 0.0,
                "count": 8
            },
            "first": {
                "max": 0.0,
                "p50": 0.0,
                "p95": 0.0,
                "p99": 0.0,
                "min": 0.0,
                "count": 8
            }
        },
        "500M": {
            "first": {
                "max": 14540.8,
                "p50": 13619.2,
                "p95": 14530.047999999999,
                "p99": 14538.649599999999,
                "min": 12574.72,
                "count": 8
            },
            "second": {
                "max": 0.0,
                "p50": 0.0,
                "p95": 0.0,
                "p99": 0.0,
                "min": 0.0,
                "count": 8
            }
        },
        "10M": {
            "first": {
                "max": 302.6,
                "p50": 279.6,
                "p95": 300.605,
                "p99": 302.201,
                "min": 263.6,
                "count": 8
            },
            "second": {
                "max": 0.0,
                "p50": 0.0,
                "p95": 0.0,
                "p99": 0.0,
                "min": 0.0,
                "count": 8
            }
        },
        "1000M": {
            "second": {
                "max": 0.0,
                "p50": 0.0,
                "p95": 0.0,
                "p99": 0.0,
                "min": 0.0,
                "count": 8
            },
            "first": {
                "max": 27002.88,
                "p50": 23214.08,
                "p95": 25766.399999999998,
                "p99": 26755.584,
                "min": 22036.48,
                "count": 8
            }
        }
    },
    "besu": {
        "10M": {
            "first": {
                "max": 2607.104,
                "p50": 2503.6800000000003,
                "p95": 2604.9536,
                "p99": 2606.6739199999997,
                "min": 2065.408,
                "count": 8
            },
            "second": {
                "max": 2589.696,
                "p50": 2477.056,
                "p95": 2582.8864,
                "p99": 2588.33408,
                "min": 2339.84,
                "count": 8
            }
        },
        "1000M": {
            "first": {
                "max": 32604.16,
                "p50": 32215.04,
                "p95": 32561.152,
                "p99": 32595.558399999998,
                "min": 31754.24,