{
    "nethermind": {
        "10M": {
            "second": {
                "max": 654.1,
                "p50": 543.45,
                "p95": 619.52,
                "p99": 647.184,
                "min": 515.9,
                "count": 8
            },
            "first": {
                "max": 695.1,
                "p50": 585.85,
                "p95": 672.84,
                "p99": 690.648,
                "min": 457.6,
                "count": 8
            }
        },
        "1000M": {
            "first": {
                "max": 22497.28,
                "p50": 20684.800000000003,
                "p95": 22135.296,
                "p99": 22424.8832,
                "min": 19425.28,
                "count": 8
            },
            "second": {
                "max": 22200.32,
                "p50": 21478.4,
                "p95": 22139.392,
                "p99": 22188.1344,
                "min": 19763.2,
                "count": 8
            }
        },
        "100M": {
            "first": {
                "max": 2359.296,
                "p50": 2275.84,
                "p95": 2355.712,
                "p99": 2358.5791999999997,
                "min": 2104.32,
                "count": 8
            },
            "second": {
                "max": 2504.704,
                "p50": 2286.592,
                "p95": 2462.4128,
                "p99": 2496.2457600000002,
                "min": 2214.912,
                "count": 8
            }
        },
        "500M": {
            "second": {
                "max": 12154.88,
                "p50": 11028.48,
                "p95": 11914.751999999999,
                "p99": 12106.854399999998,
                "min": 10240.0,
                "count": 8
            },
            "first": {
                "max": 11366.4,
                "p50": 11156.48,
                "p95": 11355.648,
                "p99": 11364.2496,
                "min": 10291.2,
                "count": 8
            }
        },
        "1M": {
            "second": {
                "max": 425.1,
                "p50": 415.20000000000005,
                "p95": 424.08500000000004,
                "p99": 424.897,
                "min": 393.8,
                "count": 8
            },
            "first": {
                "max": 445.7,
                "p50": 422.9,
                "p95": 443.985,
                "p99": 445.35699999999997,
                "min": 371.2,
                "count": 8
            }
        }
    },
    "reth": {
        "500M": {
            "first": {
                "max": 8506.368,
                "p50": 8503.296,
                "p95": 8506.0096,
                "p99": 8506.29632,
                "min": 8353.792,
                "count": 8
            },
            "second": {
                "max": 3153.92,
                "p50": 3124.224,
                "p95": 3153.2032,
                "p99": 3153.77664,
                "min": 3111.936,
                "count": 8
            }
        },
        "1000M": {
            "second": {
                "max": 7230.464,
                "p50": 7000.064,
                "p95": 7169.536,
                "p99": 7218.2784,
                "min": 6974.464,
                "count": 8
            },
            "first": {
                "max": 16977.92,
                "p50": 16967.68,
                "p95": 16977.92,
                "p99": 16977.92,
                "min": 16947.2,
                "count": 8
            }
        },
        "1M": {
            "second": {
                "max": 0.0,
                "p50": 0.0,
                "p95": 0.0,
                "p99": 0.0,
                "min": 0.0,
                "count": 8
            },
            "first": {
                "max": 0.0,
                "p50": 0.0,
                "p95": 0.0,
                "p99": 0.0,
                "min": 0.0,
                "count": 8
            }
        },
        "100M": {
            "second": {
                "max": 0.0,
                "p50": 0.0,
                "p95": 0.0,
                "p99": 0.0,
                "min": 0.0,
                "count": 8
            },
            "first": {
                "max": 1785.856,
                "p50": 1692.672,
                "p95": 1770.0864,
                "p99": 1782.70208,
                "min": 1480.704,
                "count": 8
            }
        },
        "10M": {
            "first": {
                "max": 0.0,
                "p50": 0.0,
                "p95": 0.0,
                "p99": 0.0,
                "min": 0.0,
                "count": 8
            },
            "second": {
                "max": 0.0,
                "p50": 0.0,
                "p95": 0.0,
                "p99": 0.0,
                "min": 0.0,
                "count": 8
            }
        }
    },
    "erigon": {
        "100M": {
            "first": {
                "max": 3296.256,
                "p50": 3202.56,
                "p95": 3296.256,
                "p99": 3296.256,
                "min": 2643.968,
                "count": 8
            },
            "second": {
                "max": 0.0,
                "p50": 0.0,
                "p95": 0.0,
                "p99": 0.0,
                "min": 0.0,
                "count": 8
            }
        },
        "1M": {
            "second": {
                "max": 0.0,
                "p50": 0.0,
                "p95": 0.0,
                "p99": 0.0,
                "min": 0.0,
                "count": 8
            },
            "first": {
                "max": 0.0,
                "p50": 0.0,
                "p95": 0.0,
                "p99": 0.0,
                "min": 0.0,
                "count": 8
            }
        },
        "500M": {
            "first": {
                "max": 15933.44,
                "p50": 12794.88,
                "p95": 15442.431999999999,
                "p99": 15835.2384,
                "min": 12554.24,
                "count": 8
            },
            "second": {
                "max": 0.0,
                "p50": 0.0,
                "p95": 0.0,
                "p99": 0.0,
                "min": 0.0,
                "count": 8
            }
        },
        "10M": {
            "first": {
                "max": 298.4,
                "p50": 282.3,
                "p95": 296.755,
                "p99": 298.07099999999997,
                "min": 271.4,
                "count": 8
            },
            "second": {
                "max": 0.0,
                "p50": 0.0,
                "p95": 0.0,
                "p99": 0.0,
                "min": 0.0,
                "count": 8
            }
        },
        "1000M": {
            "second": {
                "max": 0.0,
                "p50": 0.0,
                "p95": 0.0,
                "p99": 0.0,
                "min": 0.0,
                "count": 8
            },
            "first": {
                "max": 28682.24,
                "p50": 23183.36,
                "p95": 28682.24,
                "p99": 28682.24,
                "min": 22077.44,
                "count": 8
            }
        }
    },
    "besu": {
        "10M": {
            "first": {
                "max": 2688.0,
                "p50": 2445.824,
                "p95": 2675.0976,
                "p99": 2685.41952,
                "min": 1844.224,
                "count": 8
            },
            "second": {
                "max": 2673.664,
                "p50": 2536.96,
                "p95": 2658.6112000000003,
                "p99": 2670.65344,
                "min": 1971.2,
                "count": 8
            }
        },
        "1000M": {
            "first": {
                "max": 32768.0,
                "p50": 32261.12,
                "p95": 32750.079999999998,
                "p99": 32764.416,
                "min": 30576.64,
                "count": 8
            }
        },