{
    "nethermind": {
        "10M": {
            "second": {
                "max": 598.4,
                "p50": 553.4,
                "p95": 592.415,
                "p99": 597.203,
                "min": 515.0,
                "count": 8
            },
            "first": {
                "max": 644.3,
                "p50": 509.79999999999995,
                "p95": 641.92,
                "p99": 643.824,
                "min": 444.8,
                "count": 8
            }
        },
        "1000M": {
            "first": {
                "max": 22179.84,
                "p50": 21672.96,
                "p95": 22165.504,
                "p99": 22176.9728,
                "min": 20029.44,
                "count": 8
            },
            "second": {
                "max": 22118.4,
                "p50": 21345.28,
                "p95": 22003.712,
                "p99": 22095.4624,
                "min": 19660.8,
                "count": 8
            }
        },
        "100M": {
            "first": {
                "max": 2523.136,
                "p50": 2262.5280000000002,
                "p95": 2486.2208,
                "p99": 2515.75296,
                "min": 2128.896,
                "count": 8
            },
            "second": {
                "max": 2423.808,
                "p50": 2235.904,
                "p95": 2410.5472,
                "p99": 2421.15584,
                "min": 2171.904,
                "count": 8
            }
        },
        "500M": {
            "second": {
                "max": 11868.16,
                "p50": 11064.32,
                "p95": 11832.32,
                "p99": 11860.992,
                "min": 10618.88,
                "count": 8
            },
            "first": {
                "max": 12226.56,
                "p50": 11166.720000000001,
                "p95": 11939.84,
                "p99": 12169.215999999999,
                "min": 10048.512,
                "count": 8
            }
        },
        "1M": {
            "second": {
                "max": 424.8,
                "p50": 417.35,
                "p95": 424.17,
                "p99": 424.67400000000004,
                "min": 407.0,
                "count": 8
            },
            "first": {
                "max": 468.9,
                "p50": 415.2,
                "p95": 456.12499999999994,
                "p99": 466.34499999999997,
                "min": 371.6,
                "count": 8
            }
        }
    },
    "reth": {
        "500M": {
            "first": {
                "max": 7961.6,
                "p50": 6907.392,
                "p95": 7806.7712,
                "p99": 7930.63424,
                "min": 6773.76,
                "count": 8
            },
            "second": {
                "max": 3150.848,
                "p50": 3130.368,
                "p95": 3145.4719999999998,
                "p99": 3149.7727999999997,
                "min": 3117.056,
                "count": 8
            }
        },
        "1000M": {
            "second": {
                "max": 7392.256,
                "p50": 7193.088,
                "p95": 7392.256,
                "p99": 7392.256,
                "min": 6979.584,
                "count": 8
            },
            "first": {
                "max": 16988.16,
                "p50": 16967.68,
                "p95": 16980.992,
                "p99": 16986.7264,
                "min": 16865.28,
                "count": 8
            }
        },
        "1M": {
            "second": {
                "max": 0.0,
                "p50": 0.0,
                "p95": 0.0,
                "p99": 0.0,
                "min": 0.0,
                "count": 8
            },
            "first": {
                "max": 0.0,
                "p50": 0.0,
                "p95": 0.0,
                "p99": 0.0,
                "min": 0.0,
                "count": 8
            }
        },
        "100M": {
            "second": {
                "max": 0.0,
                "p50": 0.0,
                "p95": 0.0,
                "p99": 0.0,
                "min": 0.0,
                "count": 8
            },
            "first": {
                "max": 1711.104,
                "p50": 1211.904,
                "p95": 1687.4496,
                "p99": 1706.37312,
                "min": 1032.192,
                "count": 8
            }
        },
        "10M": {
            "first": {
                "max": 0.0,
                "p50": 0.0,
                "p95": 0.0,
                "p99": 0.0,
                "min": 0.0,
                "count": 8
            },
            "second": {
                "max": 0.0,
                "p50": 0.0,
                "p95": 0.0,
                "p99": 0.0,
                "min": 0.0,
                "count": 8
            }
        }
    },
    "erigon": {
        "1M": {
            "second": {
                "max": 0.0,
                "p50": 0.0,
                "p95": 0.0,
                "p99": 0.0,
                "min": 0.0,
                "count": 8
            },
            "first": {
                "max": 0.0,
                "p50": 0.0,
                "p95": 0.0,
                "p99": 0.0,
                "min": 0.0,
                "count": 8
            }
        },
        "10M": {
            "first": {
                "max": 300.4,
                "p50": 281.04999999999995,
                "p95": 296.375,
                "p99": 299.59499999999997,
                "min": 258.5,
                "count": 8
            },
            "second": {
                "max": 0.0,
                "p50": 0.0,
                "p95": 0.0,
                "p99": 0.0,
                "min": 0.0,
                "count": 8
            }
        }
    },
    "geth": {
        "500M": {
            "first": {
                "max": 25088.0,
                "p50": 24442.879999999997,
                "p95": 24987.648,
                "p99": 25067.9296,
                "min": 24023.04,
                "count": 8
            },
            "second": {
                "max": 0.0,
                "p50": 0.0,
                "p95": 0.0,
                "p99": 0.0,
                "min": 0.0,
                "count": 8
            }
        },
        "10M": {
            "first": {
                "max": 614.7,
                "p50": 554.85,
                "p95": 608.715,
                "p99": 613.503,
                "min": 524.6,
                "count": 8
            },
            "second": {
                "max": 0.0,
                "p50": 0.0,
                "p95": 0.0,
                "p99": 0.0,
                "min": 0.0,
                "count": 8
            }
        },
        "1000M": {
            "first": {
                "max": 50001.92,
                "p50": 47518.72,
                "p95": 49704.448,
                "p99": 49942.425599999995,
                "min": 43857.92,
                "count": 8
            },
            "second": {
                "max": 0.0,
                "p50": 0.0,
                "p95": 0.0,
                "p99": 0.0,
                "min": 0.0,
                "count": 8
            }
        },
        "100M": {
            "second": {
                "max": 0.0,
                "p50": 0.0,
                "p95": 0.0,
                "p99": 0.0,
                "min": 0.0,
                "count": 8
            },
            "first": {
                "max": 4773.888,
                "p50": 4561.92,
                "p95": 4721.5616,
                "p99": 4763.42272,
                "min": 4379.648,
                "count": 8
            }
        },
        "1M": {
            "first": {
                "max": 114.1,
                "p50": 104.5,
                "p95": 113.155,
                "p99": 113.911,
                "min": 78.98,
                "count": 8
            },
            "second": {
                "max": 0.0,