{
    "nethermind": {
        "10M": {
            "second": {
                "max": 650.6,
                "p50": 541.25,
                "p95": 649.515,
                "p99": 650.383,
                "min": 453.7,
                "count": 8
            },
            "first": {
                "max": 691.7,
                "p50": 566.45,
                "p95": 672.87,
                "p99": 687.934,
                "min": 503.0,
                "count": 8
            }
        },
        "1000M": {
            "first": {
                "max": 23439.36,
                "p50": 22128.64,
                "p95": 23417.856,
                "p99": 23435.0592,
                "min": 19814.4,
                "count": 8
            },
            "second": {
                "max": 22712.32,
                "p50": 21841.92,
                "p95": 22508.032,
                "p99": 22671.4624,
                "min": 19886.08,
                "count": 8
            }
        },
        "100M": {
            "first": {
                "max": 2444.288,
                "p50": 2262.016,
                "p95": 2398.7711999999997,
                "p99": 2435.18464,
                "min": 2118.656,
                "count": 8
            },
            "second": {
                "max": 2293.76,
                "p50": 2266.112,
                "p95": 2290.8928,
                "p99": 2293.18656,
                "min": 2150.4,
                "count": 8
            }
        },
        "500M": {
            "second": {
                "max": 11776.0,
                "p50": 11279.36,
                "p95": 11747.328,
                "p99": 11770.2656,
                "min": 10741.76,
                "count": 8
            },
            "first": {
                "max": 12154.88,
                "p50": 10874.880000000001,
                "p95": 12104.704,
                "p99": 12144.844799999999,
                "min": 10496.0,
                "count": 8
            }
        },
        "1M": {
            "second": {
                "max": 439.3,
                "p50": 408.9,
                "p95": 438.285,
                "p99": 439.097,
                "min": 386.4,
                "count": 8
            },
            "first": {
                "max": 450.2,
                "p50": 407.4,
                "p95": 443.16499999999996,
                "p99": 448.793,
                "min": 371.1,
                "count": 8
            }
        }
    },
    "reth": {
        "500M": {
            "first": {
                "max": 8129.536,
                "p50": 7633.408,
                "p95": 8126.3104,
                "p99": 8128.89088,
                "min": 7005.184,
                "count": 8
            },
            "second": {
                "max": 3146.752,
                "p50": 3124.736,
                "p95": 3143.5264,
                "p99": 3146.10688,
                "min": 3116.032,
                "count": 8
            }
        },
        "1000M": {
            "second": {
                "max": 7379.968,
                "p50": 7036.928,
                "p95": 7378.1759999999995,
                "p99": 7379.6096,
                "min": 6974.464,
                "count": 8
            },
            "first": {
                "max": 16977.92,
                "p50": 16921.6,
                "p95": 16977.92,
                "p99": 16977.92,
                "min": 16793.6,
                "count": 8
            }
        },
        "1M": {
            "second": {
                "max": 0.0,
                "p50": 0.0,
                "p95": 0.0,
                "p99": 0.0,
                "min": 0.0,
                "count": 8
            },
            "first": {
                "max": 0.0,
                "p50": 0.0,
                "p95": 0.0,
                "p99": 0.0,
                "min": 0.0,
                "count": 8
            }
        },
        "100M": {
            "second": {
                "max": 0.0,
                "p50": 0.0,
                "p95": 0.0,
                "p99": 0.0,
                "min": 0.0,
                "count": 8
            },
            "first": {
                "max": 1726.464,
                "p50": 1144.8319999999999,
                "p95": 1715.712,
                "p99": 1724.3136,
                "min": 1088.512,
                "count": 8
            }
        },
        "10M": {
            "first": {
                "max": 0.0,
                "p50": 0.0,
                "p95": 0.0,
                "p99": 0.0,
                "min": 0.0,
                "count": 8
            },
            "second": {
                "max": 0.0,
                "p50": 0.0,
                "p95": 0.0,
                "p99": 0.0,
                "min": 0.0,
                "count": 8
            }
        }
    },
    "erigon": {
        "100M": {
            "first": {
                "max": 3299.328,
                "p50": 3265.0240000000003,
                "p95": 3297.1776,
                "p99": 3298.89792,
                "min": 2875.392,
                "count": 8
            },
            "second": {
                "max": 0.0,
                "p50": 0.0,
                "p95": 0.0,
                "p99": 0.0,
                "min": 0.0,
                "count": 8
            }
        },
        "1M": {
            "second": {
                "max": 0.0,
                "p50": 0.0,
                "p95": 0.0,
                "p99": 0.0,
                "min": 0.0,
                "count": 8
            },
            "first": {
                "max": 0.0,
                "p50": 0.0,
                "p95": 0.0,
                "p99": 0.0,
                "min": 0.0,
                "count": 8
            }
        },
        "500M": {
            "first": {
                "max": 14643.2,
                "p50": 12820.48,
                "p95": 14481.92,
                "p99": 14610.944000000001,
                "min": 12185.6,
                "count": 8
            },
            "second": {
                "max": 0.0,
                "p50": 0.0,
                "p95": 0.0,
                "p99": 0.0,
                "min": 0.0,
                "count": 8
            }
        },
        "10M": {
            "first": {
                "max": 294.7,
                "p50": 279.70000000000005,
                "p95": 292.635,
                "p99": 294.287,
                "min": 268.8,
                "count": 8
            },
            "second": {
                "max": 0.0,
                "p50": 0.0,
                "p95": 0.0,
                "p99": 0.0,
                "min": 0.0,
                "count": 8
            }
        },
        "1000M": {
            "second": {
                "max": 0.0,
                "p50": 0.0,
                "p95": 0.0,
                "p99": 0.0,
                "min": 0.0,
                "count": 8
            },
            "first": {
                "max": 28692.48,
                "p50": 23086.08,
                "p95": 28018.688,
                "p99": 28557.7216,
                "min": 22046.72,
                "count": 8
            }
        }
    },
    "besu": {
        "10M": {
            "first": {
                "max": 2664.448,
                "p50": 2553.8559999999998,
                "p95": 2660.1472,
                "p99": 2663.5878399999997,
                "min": 2126.848,
                "count": 8
            },
            "second": {
                "max": 2604.032,
                "p50": 2487.808,
                "p95": 2604.032,
                "p99": 2604.032,
                "min": 2301.952,
                "count": 8
            }
        },
        "1000M": {
            "first": {
                "max": 32706.56,
                "p50": 32537.6,
                "p95": 32681.472,
                "p99": 32701.542400000002,
                "min": 32112.64,
                "count": 8
            }
        },