{
    "nethermind": {
        "10M": {
            "second": {
                "max": 746.7,
                "p50": 737.5,
                "p95": 746.49,
                "p99": 746.658,
                "min": 676.8,
                "count": 8
            },
            "first": {
                "max": 745.4,
                "p50": 736.15,
                "p95": 745.05,
                "p99": 745.3299999999999,
                "min": 681.7,
                "count": 8
            }
        },
        "1000M": {
            "first": {
                "max": 28375.04,
                "p50": 27269.12,
                "p95": 28038.144,
                "p99": 28307.6608,
                "min": 25722.88,
                "count": 8
            },
            "second": {
                "max": 31539.2,
                "p50": 26603.52,
                "p95": 30026.751999999997,
                "p99": 31236.7104,
                "min": 25815.04,
                "count": 8
            }
        },
        "100M": {
            "first": {
                "max": 3295.232,
                "p50": 3239.9359999999997,
                "p95": 3292.0064,
                "p99": 3294.58688,
                "min": 3175.424,
                "count": 8
            },
            "second": {
                "max": 3230.72,
                "p50": 3202.56,
                "p95": 3226.0607999999997,
                "p99": 3229.7881599999996,
                "min": 3174.4,
                "count": 8
            }
        },
        "500M": {
            "second": {
                "max": 16250.88,
                "p50": 15820.8,
                "p95": 16236.544,
                "p99": 16248.012799999999,
                "min": 15360.0,
                "count": 8
            },
            "first": {
                "max": 16189.44,
                "p50": 15831.04,
                "p95": 16182.272,
                "p99": 16188.0064,
                "min": 15482.88,
                "count": 8
            }
        },
        "1M": {
            "second": {
                "max": 490.5,
                "p50": 484.95,
                "p95": 489.34499999999997,
                "p99": 490.269,
                "min": 451.1,
                "count": 8
            },
            "first": {
                "max": 488.7,
                "p50": 485.6,
                "p95": 488.14,
                "p99": 488.58799999999997,
                "min": 447.5,
                "count": 8
            }
        }
    },
    "geth": {
        "500M": {
            "first": {
                "max": 28057.6,
                "p50": 26542.08,
                "p95": 28036.095999999998,
                "p99": 28053.299199999998,
                "min": 25262.08,
                "count": 8
            },
            "second": {
                "max": 0.0,
                "p50": 0.0,
                "p95": 0.0,
                "p99": 0.0,
                "min": 0.0,
                "count": 8
            }
        },
        "10M": {
            "first": {
                "max": 682.7,
                "p50": 603.2,
                "p95": 680.7750000000001,
                "p99": 682.315,
                "min": 476.0,
                "count": 8
            },
            "second": {
                "max": 0.0,
                "p50": 0.0,
                "p95": 0.0,
                "p99": 0.0,
                "min": 0.0,
                "count": 8
            }
        },
        "100M": {
            "second": {
                "max": 0.0,
                "p50": 0.0,
                "p95": 0.0,
                "p99": 0.0,
                "min": 0.0,
                "count": 8
            },
            "first": {
                "max": 5458.944,
                "p50": 5199.872,
                "p95": 5454.2848,
                "p99": 5458.01216,
                "min": 5101.568,
                "count": 8
            }
        },
        "1M": {
            "first": {
                "max": 126.8,
                "p50": 117.80000000000001,
                "p95": 126.695,
                "p99": 126.779,
                "min": 80.54,
                "count": 8
            },
            "second": {
                "max": 0.0,
                "p50": 0.0,
                "p95": 0.0,
                "p99": 0.0,
                "min": 0.0,
                "count": 8
            }
        }
    }
}