{
    "nethermind": {
        "10M": {
            "second": {
                "max": 645.5,
                "p50": 520.7,
                "p95": 609.52,
                "p99": 638.304,
                "min": 470.8,
                "count": 8
            },
            "first": {
                "max": 641.5,
                "p50": 558.3,
                "p95": 618.925,
                "p99": 636.985,
                "min": 525.0,
                "count": 8
            }
        },
        "1000M": {
            "first": {
                "max": 22149.12,
                "p50": 21893.12,
                "p95": 22124.032,
                "p99": 22144.1024,
                "min": 20961.28,
                "count": 8
            },
            "second": {
                "max": 23531.52,
                "p50": 21370.879999999997,
                "p95": 23155.2,
                "p99": 23456.256,
                "min": 19537.92,
                "count": 8
            }
        },
        "100M": {
            "first": {
                "max": 2500.608,
                "p50": 2254.848,
                "p95": 2448.2816,
                "p99": 2490.1427200000003,
                "min": 2065.408,
                "count": 8
            },
            "second": {
                "max": 2555.904,
                "p50": 2312.704,
                "p95": 2515.7632,
                "p99": 2547.87584,
                "min": 2080.768,
                "count": 8
            }
        },
        "500M": {
            "second": {
                "max": 11253.76,
                "p50": 10700.8,
                "p95": 11131.904,
                "p99": 11229.3888,
                "min": 9872.384,
                "count": 8
            },
            "first": {
                "max": 11939.84,
                "p50": 11289.6,
                "p95": 11893.248,
                "p99": 11930.5216,
                "min": 9909.248,
                "count": 8
            }
        },
        "1M": {
            "second": {
                "max": 437.3,
                "p50": 405.15,
                "p95": 437.02,
                "p99": 437.244,
                "min": 376.6,
                "count": 8
            },
            "first": {
                "max": 465.0,
                "p50": 418.2,
                "p95": 461.5,
                "p99": 464.3,
                "min": 372.3,
                "count": 8
            }
        }
    },
    "reth": {
        "500M": {
            "first": {
                "max": 7595.008,
                "p50": 6915.584,
                "p95": 7431.936,
                "p99": 7562.393599999999,
                "min": 6830.08,
                "count": 8
            },
            "second": {
                "max": 3138.56,
                "p50": 3131.904,
                "p95": 3138.2016,
                "p99": 3138.48832,
                "min": 3121.152,
                "count": 8
            }
        },
        "1000M": {
            "second": {
                "max": 7385.088,
                "p50": 7128.064,
                "p95": 7384.7296,
                "p99": 7385.01632,
                "min": 6974.464,
                "count": 8
            },
            "first": {
                "max": 16977.92,
                "p50": 16977.92,
                "p95": 16977.92,
                "p99": 16977.92,
                "min": 16803.84,
                "count": 8
            }
        },
        "1M": {
            "second": {
                "max": 0.0,
                "p50": 0.0,
                "p95": 0.0,
                "p99": 0.0,
                "min": 0.0,
                "count": 8
            },
            "first": {
                "max": 0.0,
                "p50": 0.0,
                "p95": 0.0,
                "p99": 0.0,
                "min": 0.0,
                "count": 8
            }
        },
        "100M": {
            "second": {
                "max": 0.0,
                "p50": 0.0,
                "p95": 0.0,
                "p99": 0.0,
                "min": 0.0,
                "count": 8
            },
            "first": {
                "max": 1742.848,
                "p50": 1664.0,
                "p95": 1727.4368,
                "p99": 1739.76576,
                "min": 1094.656,
                "count": 8
            }
        },
        "10M": {
            "first": {
                "max": 0.0,
                "p50": 0.0,
                "p95": 0.0,
                "p99": 0.0,
                "min": 0.0,
                "count": 8
            },
            "second": {
                "max": 0.0,
                "p50": 0.0,
                "p95": 0.0,
                "p99": 0.0,
                "min": 0.0,
                "count": 8
            }
        }
    },
    "erigon": {
        "100M": {
            "first": {
                "max": 3298.304,
                "p50": 3228.16,
                "p95": 3288.9856,
                "p99": 3296.44032,
                "min": 2639.872,
                "count": 8
            },
            "second": {
                "max": 0.0,
                "p50": 0.0,
                "p95": 0.0,
                "p99": 0.0,
                "min": 0.0,
                "count": 8
            }
        },
        "1M": {
            "second": {
                "max": 0.0,
                "p50": 0.0,
                "p95": 0.0,
                "p99": 0.0,
                "min": 0.0,
                "count": 8
            },
            "first": {
                "max": 0.0,
                "p50": 0.0,
                "p95": 0.0,
                "p99": 0.0,
                "min": 0.0,
                "count": 8
            }
        },
        "500M": {
            "first": {
                "max": 14602.24,
                "p50": 12723.2,
                "p95": 14272.511999999999,
                "p99": 14536.294399999999,
                "min": 12072.96,
                "count": 8
            },
            "second": {
                "max": 0.0,
                "p50": 0.0,
                "p95": 0.0,
                "p99": 0.0,
                "min": 0.0,
                "count": 8
            }
        },
        "10M": {
            "first": {
                "max": 304.2,
                "p50": 282.7,
                "p95": 302.16999999999996,
                "p99": 303.794,
                "min": 259.6,
                "count": 8
            },
            "second": {
                "max": 0.0,
                "p50": 0.0,
                "p95": 0.0,
                "p99": 0.0,
                "min": 0.0,
                "count": 8
            }
        },
        "1000M": {
            "second": {
                "max": 0.0,
                "p50": 0.0,
                "p95": 0.0,
                "p99": 0.0,
                "min": 0.0,
                "count": 8
            },
            "first": {
                "max": 28825.6,
                "p50": 23091.199999999997,
                "p95": 28047.872,
                "p99": 28670.054399999997,
                "min": 22067.2,
                "count": 8
            }
        }
    },
    "besu": {
        "10M": {
            "first": {
                "max": 2654.208,
                "p50": 2496.0,
                "p95": 2626.9696,
                "p99": 2648.76032,
                "min": 2336.768,
                "count": 8
            },
            "second": {
                "max": 2672.64,
                "p50": 2622.464,
                "p95": 2659.0208,
                "p99": 2669.9161599999998,
                "min": 2136.064,
                "count": 8
            }
        },
        "1000M": {
            "first": {
                "max": 32768.0,
                "p50": 32399.36,
                "p95": 32739.328,
                "p99": 32762.2656,
                "min": 32010.24,
                "count": 8
            }
        },