{
    "nethermind": {
        "10M": {
            "second": {
                "max": 745.8,
                "p50": 729.35,
                "p95": 743.98,
                "p99": 745.4359999999999,
                "min": 664.9,
                "count": 8
            },
            "first": {
                "max": 750.1,
                "p50": 732.6500000000001,
                "p95": 746.3199999999999,
                "p99": 749.344,
                "min": 675.6,
                "count": 8
            }
        },
        "1000M": {
            "first": {
                "max": 27340.8,
                "p50": 27125.760000000002,
                "p95": 27326.464,
                "p99": 27337.9328,
                "min": 26163.2,
                "count": 8
            },
            "second": {
                "max": 27351.04,
                "p50": 27146.239999999998,
                "p95": 27308.032,
                "p99": 27342.4384,
                "min": 25825.28,
                "count": 8
            }
        },
        "100M": {
            "first": {
                "max": 3302.4,
                "p50": 3215.8720000000003,
                "p95": 3297.3824,
                "p99": 3301.39648,
                "min": 3173.376,
                "count": 8
            },
            "second": {
                "max": 3288.064,
                "p50": 3224.0640000000003,
                "p95": 3277.6704,
                "p99": 3285.98528,
                "min": 3177.472,
                "count": 8
            }
        },
        "500M": {
            "second": {
                "max": 16220.16,
                "p50": 15846.400000000001,
                "p95": 16195.072,
                "p99": 16215.1424,
                "min": 15472.64,
                "count": 8
            },
            "first": {
                "max": 16240.64,
                "p50": 16117.76,
                "p95": 16215.552,
                "p99": 16235.6224,
                "min": 15411.2,
                "count": 8
            }
        },
        "1M": {
            "second": {
                "max": 488.9,
                "p50": 485.15,
                "p95": 488.305,
                "p99": 488.781,
                "min": 479.2,
                "count": 8
            },
            "first": {
                "max": 490.5,
                "p50": 487.0,
                "p95": 489.975,
                "p99": 490.395,
                "min": 454.7,
                "count": 8
            }
        }
    },
    "reth": {
        "500M": {
            "first": {
                "max": 11008.0,
                "p50": 10151.423999999999,
                "p95": 10972.16,
                "p99": 11000.832,
                "min": 9556.992,
                "count": 8
            },
            "second": {
                "max": 3215.36,
                "p50": 3197.44,
                "p95": 3211.4176,
                "p99": 3214.57152,
                "min": 3168.256,
                "count": 8
            }
        },
        "1000M": {
            "second": {
                "max": 7143.424,
                "p50": 7133.696,
                "p95": 7143.0656,
                "p99": 7143.35232,
                "min": 7110.656,
                "count": 8
            },
            "first": {
                "max": 22077.44,
                "p50": 21995.519999999997,
                "p95": 22063.104,
                "p99": 22074.572799999998,
                "min": 21903.36,
                "count": 8
            }
        },
        "1M": {
            "second": {
                "max": 0.0,
                "p50": 0.0,
                "p95": 0.0,
                "p99": 0.0,
                "min": 0.0,
                "count": 8
            },
            "first": {
                "max": 0.0,
                "p50": 0.0,
                "p95": 0.0,
                "p99": 0.0,
                "min": 0.0,
                "count": 8
            }
        },
        "100M": {
            "second": {
                "max": 0.0,
                "p50": 0.0,
                "p95": 0.0,
                "p99": 0.0,
                "min": 0.0,
                "count": 8
            },
            "first": {
                "max": 1689.6,
                "p50": 1668.608,
                "p95": 1689.6,
                "p99": 1689.6,
                "min": 1288.192,
                "count": 8
            }
        },
        "10M": {
            "first": {
                "max": 0.0,
                "p50": 0.0,
                "p95": 0.0,
                "p99": 0.0,
                "min": 0.0,
                "count": 8
            },
            "second": {
                "max": 0.0,
                "p50": 0.0,
                "p95": 0.0,
                "p99": 0.0,
                "min": 0.0,
                "count": 8
            }
        }
    },
    "erigon": {
        "100M": {
            "first": {
                "max": 3297.28,
                "p50": 3127.2960000000003,
                "p95": 3293.696,
                "p99": 3296.5632,
                "min": 2675.712,
                "count": 8
            },
            "second": {
                "max": 0.0,
                "p50": 0.0,
                "p95": 0.0,
                "p99": 0.0,
                "min": 0.0,
                "count": 8
            }
        },
        "1M": {
            "second": {
                "max": 0.0,
                "p50": 0.0,
                "p95": 0.0,
                "p99": 0.0,
                "min": 0.0,
                "count": 8
            },
            "first": {
                "max": 0.0,
                "p50": 0.0,
                "p95": 0.0,
                "p99": 0.0,
                "min": 0.0,
                "count": 8
            }
        },
        "500M": {
            "first": {
                "max": 15872.0,
                "p50": 14064.64,
                "p95": 15434.751999999999,
                "p99": 15784.5504,
                "min": 12359.68,
                "count": 8
            },
            "second": {
                "max": 0.0,
                "p50": 0.0,
                "p95": 0.0,
                "p99": 0.0,
                "min": 0.0,
                "count": 8
            }
        },
        "10M": {
            "first": {
                "max": 295.0,
                "p50": 280.35,
                "p95": 291.78,
                "p99": 294.356,
                "min": 268.0,
                "count": 8
            },
            "second": {
                "max": 0.0,
                "p50": 0.0,
                "p95": 0.0,
                "p99": 0.0,
                "min": 0.0,
                "count": 8
            }
        },
        "1000M": {
            "second": {
                "max": 0.0,
                "p50": 0.0,
                "p95": 0.0,
                "p99": 0.0,
                "min": 0.0,
                "count": 8
            },
            "first": {
                "max": 23347.2,
                "p50": 22497.28,
                "p95": 23107.072,
                "p99": 23299.1744,
                "min": 22067.2,
                "count": 8
            }
        }
    },
    "besu": {
        "10M": {
            "first": {
                "max": 2618.368,
                "p50": 2433.024,
                "p95": 2616.576,
                "p99": 2618.0096,
                "min": 1939.456,
                "count": 8
            },
            "second": {
                "max": 2621.44,
                "p50": 2515.968,
                "p95": 2609.6128,
                "p99": 2619.07456,
                "min": 2377.728,
                "count": 8
            }
        },
        "1000M": {
            "first": {
                "max": 32634.88,
                "p50": 32527.36,
                "p95": 32620.544,
                "p99": 32632.0128,
                "min": 32071.68,
                "count": 8
            }
        },