{
    "nethermind": {
        "10M": {
            "second": {
                "max": 685.3,
                "p50": 616.55,
                "p95": 677.56,
                "p99": 683.752,
                "min": 551.1,
                "count": 4
            },
            "first": {
                "max": 662.3,
                "p50": 490.1,
                "p95": 640.8199999999999,
                "p99": 658.0039999999999,
                "min": 445.5,
                "count": 4
            }
        },
        "1000M": {
            "first": {
                "max": 21442.56,
                "p50": 21191.68,
                "p95": 21410.304,
                "p99": 21436.1088,
                "min": 20981.76,
                "count": 4
            },
            "second": {
                "max": 22159.36,
                "p50": 21355.52,
                "p95": 22102.528000000002,
                "p99": 22147.9936,
                "min": 20520.96,
                "count": 4
            }
        },
        "100M": {
            "first": {
                "max": 2380.8,
                "p50": 2334.7200000000003,
                "p95": 2377.8816,
                "p99": 2380.21632,
                "min": 2182.144,
                "count": 4
            },
            "second": {
                "max": 2265.088,
                "p50": 2231.2960000000003,
                "p95": 2264.0128,
                "p99": 2264.87296,
                "min": 2189.312,
                "count": 4
            }
        },
        "1M": {
            "first": {
                "max": 436.6,
                "p50": 425.05,
                "p95": 435.175,
                "p99": 436.315,
                "min": 398.3,
                "count": 4
            },
            "second": {
                "max": 413.3,
                "p50": 387.95000000000005,
                "p95": 409.625,
                "p99": 412.565,
                "min": 367.7,
                "count": 4
            }
        },
        "500M": {
            "second": {
                "max": 11089.92,
                "p50": 10839.04,
                "p95": 11074.56,
                "p99": 11086.848,
                "min": 10526.72,
                "count": 4
            },
            "first": {
                "max": 11489.28,
                "p50": 10585.599999999999,
                "p95": 11435.52,
                "p99": 11478.528,
                "min": 9976.832,
                "count": 4
            }
        }
    },
    "reth": {
        "500M": {
            "first": {
                "max": 8499.2,
                "p50": 8317.439999999999,
                "p95": 8478.9248,
                "p99": 8495.144960000001,
                "min": 6633.472,
                "count": 4
            },
            "second": {
                "max": 3152.896,
                "p50": 3143.1679999999997,
                "p95": 3151.9744,
                "p99": 3152.7116800000003,
                "min": 3125.248,
                "count": 4
            }
        },
        "1M": {
            "second": {
                "max": 0.0,
                "p50": 0.0,
                "p95": 0.0,
                "p99": 0.0,
                "min": 0.0,
                "count": 4
            },
            "first": {
                "max": 0.0,
                "p50": 0.0,
                "p95": 0.0,
                "p99": 0.0,
                "min": 0.0,
                "count": 4
            }
        },
        "100M": {
            "first": {
                "max": 1735.68,
                "p50": 1696.768,
                "p95": 1734.4512,
                "p99": 1735.43424,
                "min": 1054.72,
                "count": 4
            },
            "second": {
                "max": 0.0,
                "p50": 0.0,
                "p95": 0.0,
                "p99": 0.0,
                "min": 0.0,
                "count": 4
            }
        },
        "1000M": {
            "first": {
                "max": 16977.92,
                "p50": 16972.8,
                "p95": 16977.92,
                "p99": 16977.92,
                "min": 16957.44,
                "count": 4
            },
            "second": {
                "max": 6995.968,
                "p50": 6987.263999999999,
                "p95": 6995.0464,
                "p99": 6995.78368,
                "min": 6983.68,
                "count": 4
            }
        },
        "10M": {
            "first": {
                "max": 0.0,
                "p50": 0.0,
                "p95": 0.0,
                "p99": 0.0,
                "min": 0.0,
                "count": 4
            },
            "second": {
                "max": 0.0,
                "p50": 0.0,
                "p95": 0.0,
                "p99": 0.0,
                "min": 0.0,
                "count": 4
            }
        }
    },
    "erigon": {
        "100M": {
            "first": {
                "max": 3312.64,
                "p50": 3209.216,
                "p95": 3303.424,
                "p99": 3310.7968,
                "min": 2893.824,
                "count": 4
            },
            "second": {
                "max": 0.0,
                "p50": 0.0,
                "p95": 0.0,
                "p99": 0.0,
                "min": 0.0,
                "count": 4
            }
        },
        "500M": {
            "first": {
                "max": 14080.0,
                "p50": 13240.32,
                "p95": 14044.672,
                "p99": 14072.9344,
                "min": 12052.48,
                "count": 4
            },
            "second": {
                "max": 0.0,
                "p50": 0.0,
                "p95": 0.0,
                "p99": 0.0,
                "min": 0.0,
                "count": 4
            }
        },
        "1M": {
            "first": {
                "max": 0.0,
                "p50": 0.0,
                "p95": 0.0,
                "p99": 0.0,
                "min": 0.0,
                "count": 4
            },
            "second": {
                "max": 0.0,
                "p50": 0.0,
                "p95": 0.0,
                "p99": 0.0,
                "min": 0.0,
                "count": 4
            }
        },
        "1000M": {
            "second": {
                "max": 0.0,
                "p50": 0.0,
                "p95": 0.0,
                "p99": 0.0,
                "min": 0.0,
                "count": 4
            },
            "first": {
                "max": 26880.0,
                "p50": 22753.28,
                "p95": 26268.672,
                "p99": 26757.734399999998,
                "min": 22661.12,
                "count": 4
            }
        },
        "10M": {
            "first": {
                "max": 285.3,
                "p50": 272.15,
                "p95": 283.635,
                "p99": 284.967,
                "min": 266.0,
                "count": 4
            },
            "second": {
                "max": 0.0,
                "p50": 0.0,
                "p95": 0.0,
                "p99": 0.0,
                "min": 0.0,
                "count": 4
            }
        }
    },
    "geth": {
        "10M": {
            "first": {
                "max": 564.9,
                "p50": 552.95,
                "p95": 563.4,
                "p99": 564.6,
                "min": 544.6,
                "count": 4
            },
            "second": {
                "max": 0.0,
                "p50": 0.0,
                "p95": 0.0,
                "p99": 0.0,
                "min": 0.0,
                "count": 4
            }
        },
        "1000M": {
            "first": {
                "max": 49848.32,
                "p50": 48844.8,
                "p95": 49786.88,
                "p99": 49836.032,
                "min": 47831.04,
                "count": 4
            },
            "second": {
                "max": 0.0,