{
    "nethermind": {
        "1000M": {
            "first": {
                "max": 27146.24,
                "p50": 27033.6,
                "p95": 27135.488,
                "p99": 27144.089600000003,
                "min": 26091.52,
                "count": 8
            },
            "second": {
                "max": 27217.92,
                "p50": 26506.239999999998,
                "p95": 27156.992,
                "p99": 27205.734399999998,
                "min": 26091.52,
                "count": 8
            }
        },
        "500M": {
            "second": {
                "max": 16291.84,
                "p50": 16138.24,
                "p95": 16281.088,
                "p99": 16289.6896,
                "min": 15482.88,
                "count": 8
            },
            "first": {
                "max": 16240.64,
                "p50": 16005.12,
                "p95": 16197.632,
                "p99": 16232.0384,
                "min": 15503.36,
                "count": 8
            }
        }
    },
    "geth": {
        "500M": {
            "first": {
                "max": 28088.32,
                "p50": 27100.16,
                "p95": 27909.12,
                "p99": 28052.48,
                "min": 25364.48,
                "count": 8
            },
            "second": {
                "max": 53.53,
                "p50": 47.345,
                "p95": 51.930499999999995,
                "p99": 53.2101,
                "min": 41.69,
                "count": 8
            }
        }
    }
}