{
    "nethermind": {
        "10M": {
            "second": {
                "max": 753.1,
                "p50": 739.7,
                "p95": 751.315,
                "p99": 752.743,
                "min": 684.9,
                "count": 8
            },
            "first": {
                "max": 744.0,
                "p50": 715.3,
                "p95": 743.02,
                "p99": 743.804,
                "min": 681.1,
                "count": 8
            }
        },
        "1000M": {
            "first": {
                "max": 27279.36,
                "p50": 26071.04,
                "p95": 26920.96,
                "p99": 27207.68,
                "min": 25845.76,
                "count": 8
            },
            "second": {
                "max": 31784.96,
                "p50": 26163.199999999997,
                "p95": 30172.159999999996,
                "p99": 31462.399999999998,
                "min": 25681.92,
                "count": 8
            }
        },
        "100M": {
            "first": {
                "max": 3294.208,
                "p50": 3259.392,
                "p95": 3293.4912,
                "p99": 3294.06464,
                "min": 3194.88,
                "count": 8
            },
            "second": {
                "max": 3292.16,
                "p50": 3227.136,
                "p95": 3285.7088,
                "p99": 3290.86976,
                "min": 3161.088,
                "count": 8
            }
        },
        "500M": {
            "second": {
                "max": 16240.64,
                "p50": 16138.24,
                "p95": 16215.552,
                "p99": 16235.6224,
                "min": 15452.16,
                "count": 8
            },
            "first": {
                "max": 16230.4,
                "p50": 16092.16,
                "p95": 16226.815999999999,
                "p99": 16229.6832,
                "min": 15493.12,
                "count": 8
            }
        },
        "1M": {
            "second": {
                "max": 502.6,
                "p50": 496.75,
                "p95": 501.13,
                "p99": 502.30600000000004,
                "min": 460.8,
                "count": 8
            },
            "first": {
                "max": 488.1,
                "p50": 484.85,
                "p95": 487.75,
                "p99": 488.03000000000003,
                "min": 451.9,
                "count": 8
            }
        }
    },
    "reth": {
        "500M": {
            "first": {
                "max": 10967.04,
                "p50": 10342.4,
                "p95": 10956.288,
                "p99": 10964.8896,
                "min": 9192.448,
                "count": 8
            },
            "second": {
                "max": 3950.592,
                "p50": 3949.056,
                "p95": 3950.2336,
                "p99": 3950.52032,
                "min": 3940.352,
                "count": 8
            }
        },
        "1000M": {
            "second": {
                "max": 7157.76,
                "p50": 7144.96,
                "p95": 7157.76,
                "p99": 7157.76,
                "min": 7128.064,
                "count": 8
            },
            "first": {
                "max": 23080.96,
                "p50": 21980.16,
                "p95": 22711.808,
                "p99": 23007.1296,
                "min": 21381.12,
                "count": 8
            }
        },
        "1M": {
            "second": {
                "max": 48.42,
                "p50": 47.435,
                "p95": 48.1855,
                "p99": 48.3731,
                "min": 46.99,
                "count": 8
            },
            "first": {
                "max": 0.0,
                "p50": 0.0,
                "p95": 0.0,
                "p99": 0.0,
                "min": 0.0,
                "count": 8
            }
        },
        "100M": {
            "second": {
                "max": 792.0,
                "p50": 787.55,
                "p95": 791.895,
                "p99": 791.979,
                "min": 784.4,
                "count": 8
            },
            "first": {
                "max": 1689.6,
                "p50": 1659.904,
                "p95": 1689.6,
                "p99": 1689.6,
                "min": 1338.368,
                "count": 8
            }
        },
        "10M": {
            "first": {
                "max": 0.0,
                "p50": 0.0,
                "p95": 0.0,
                "p99": 0.0,
                "min": 0.0,
                "count": 8
            },
            "second": {
                "max": 119.6,
                "p50": 112.85,
                "p95": 117.85,
                "p99": 119.25,
                "min": 111.4,
                "count": 8
            }
        }
    },
    "erigon": {
        "100M": {
            "first": {
                "max": 3300.352,
                "p50": 3234.816,
                "p95": 3299.9936,
                "p99": 3300.28032,
                "min": 3096.576,
                "count": 8
            },
            "second": {
                "max": 73.56,
                "p50": 72.325,
                "p95": 73.2975,
                "p99": 73.50750000000001,
                "min": 67.86,
                "count": 8
            }
        },
        "1M": {
            "second": {
                "max": 74.77,
                "p50": 72.02,
                "p95": 74.301,
                "p99": 74.6762,
                "min": 66.9,
                "count": 8
            },
            "first": {
                "max": 0.0,
                "p50": 0.0,
                "p95": 0.0,
                "p99": 0.0,
                "min": 0.0,
                "count": 8
            }
        },
        "500M": {
            "first": {
                "max": 14602.24,
                "p50": 12533.76,
                "p95": 14559.232,
                "p99": 14593.6384,
                "min": 12185.6,
                "count": 8
            },
            "second": {
                "max": 75.46,
                "p50": 71.66,
                "p95": 74.61999999999999,
                "p99": 75.29199999999999,
                "min": 67.21,
                "count": 8
            }
        },
        "10M": {
            "first": {
                "max": 283.7,
                "p50": 275.2,
                "p95": 283.14,
                "p99": 283.58799999999997,
                "min": 259.3,
                "count": 8
            },
            "second": {
                "max": 74.01,
                "p50": 71.20500000000001,
                "p95": 73.7405,
                "p99": 73.9561,
                "min": 66.95,
                "count": 8
            }
        },
        "1000M": {
            "second": {
                "max": 74.71,
                "p50": 70.785,
                "p95": 74.556,
                "p99": 74.6792,
                "min": 67.59,
                "count": 8
            },
            "first": {
                "max": 28620.8,
                "p50": 22737.92,
                "p95": 27929.088,
                "p99": 28482.457599999998,
                "min": 22456.32,
                "count": 8
            }
        }
    },
    "besu": {
        "10M": {
            "first": {
                "max": 3896.32,
                "p50": 3026.432,
                "p95": 3754.0352,
                "p99": 3867.86304,
                "min": 2620.416,
                "count": 8
            },
            "second": {
                "max": 4080.64,
                "p50": 3410.432,
                "p95": 3932.9791999999998,
                "p99": 4051.1078399999997,
                "min": 2787.328,
                "count": 8
            }
        },
        "1000M": {
            "first": {
                "max": 48506.88,
                "p50": 48179.2,
                "p95": 48463.871999999996,