{
    "nethermind": {
        "10M": {
            "second": {
                "max": 668.6,
                "p50": 566.75,
                "p95": 667.83,
                "p99": 668.446,
                "min": 451.2,
                "count": 8
            },
            "first": {
                "max": 688.2,
                "p50": 615.4,
                "p95": 683.895,
                "p99": 687.339,
                "min": 454.3,
                "count": 8
            }
        },
        "1000M": {
            "first": {
                "max": 22435.84,
                "p50": 21765.120000000003,
                "p95": 22335.488,
                "p99": 22415.7696,
                "min": 20469.76,
                "count": 8
            },
            "second": {
                "max": 22497.28,
                "p50": 21637.12,
                "p95": 22429.184,
                "p99": 22483.660799999998,
                "min": 21022.72,
                "count": 8
            }
        },
        "100M": {
            "first": {
                "max": 2456.576,
                "p50": 2245.12,
                "p95": 2409.2672,
                "p99": 2447.11424,
                "min": 2060.288,
                "count": 8
            },
            "second": {
                "max": 2416.64,
                "p50": 2292.736,
                "p95": 2393.344,
                "p99": 2411.9808,
                "min": 2121.728,
                "count": 8
            }
        },
        "500M": {
            "second": {
                "max": 11581.44,
                "p50": 10977.28,
                "p95": 11520.512,
                "p99": 11569.2544,
                "min": 10092.544,
                "count": 8
            },
            "first": {
                "max": 11489.28,
                "p50": 10746.880000000001,
                "p95": 11396.096000000001,
                "p99": 11470.6432,
                "min": 9923.584,
                "count": 8
            }
        },
        "1M": {
            "second": {
                "max": 447.4,
                "p50": 413.6,
                "p95": 443.76,
                "p99": 446.67199999999997,
                "min": 383.4,
                "count": 8
            },
            "first": {
                "max": 430.0,
                "p50": 417.05,
                "p95": 429.09,
                "p99": 429.818,
                "min": 375.3,
                "count": 8
            }
        }
    },
    "reth": {
        "500M": {
            "first": {
                "max": 8505.344,
                "p50": 7694.848,
                "p95": 8504.627199999999,
                "p99": 8505.20064,
                "min": 6669.312,
                "count": 8
            },
            "second": {
                "max": 3150.848,
                "p50": 3143.1679999999997,
                "p95": 3150.1312,
                "p99": 3150.70464,
                "min": 3106.816,
                "count": 8
            }
        },
        "1000M": {
            "second": {
                "max": 7387.136,
                "p50": 7003.136,
                "p95": 7384.6272,
                "p99": 7386.63424,
                "min": 6982.656,
                "count": 8
            },
            "first": {
                "max": 16988.16,
                "p50": 16967.68,
                "p95": 16984.576,
                "p99": 16987.4432,
                "min": 16957.44,
                "count": 8
            }
        },
        "1M": {
            "second": {
                "max": 0.0,
                "p50": 0.0,
                "p95": 0.0,
                "p99": 0.0,
                "min": 0.0,
                "count": 8
            },
            "first": {
                "max": 0.0,
                "p50": 0.0,
                "p95": 0.0,
                "p99": 0.0,
                "min": 0.0,
                "count": 8
            }
        },
        "100M": {
            "second": {
                "max": 0.0,
                "p50": 0.0,
                "p95": 0.0,
                "p99": 0.0,
                "min": 0.0,
                "count": 8
            },
            "first": {
                "max": 1726.464,
                "p50": 1683.456,
                "p95": 1722.1632,
                "p99": 1725.60384,
                "min": 1082.368,
                "count": 8
            }
        },
        "10M": {
            "first": {
                "max": 0.0,
                "p50": 0.0,
                "p95": 0.0,
                "p99": 0.0,
                "min": 0.0,
                "count": 8
            },
            "second": {
                "max": 0.0,
                "p50": 0.0,
                "p95": 0.0,
                "p99": 0.0,
                "min": 0.0,
                "count": 8
            }
        }
    },
    "erigon": {
        "100M": {
            "first": {
                "max": 3307.52,
                "p50": 3296.768,
                "p95": 3307.1616,
                "p99": 3307.44832,
                "min": 2618.368,
                "count": 8
            },
            "second": {
                "max": 0.0,
                "p50": 0.0,
                "p95": 0.0,
                "p99": 0.0,
                "min": 0.0,
                "count": 8
            }
        },
        "1M": {
            "second": {
                "max": 0.0,
                "p50": 0.0,
                "p95": 0.0,
                "p99": 0.0,
                "min": 0.0,
                "count": 8
            },
            "first": {
                "max": 0.0,
                "p50": 0.0,
                "p95": 0.0,
                "p99": 0.0,
                "min": 0.0,
                "count": 8
            }
        },
        "500M": {
            "first": {
                "max": 14673.92,
                "p50": 14535.68,
                "p95": 14645.248,
                "p99": 14668.1856,
                "min": 12267.52,
                "count": 8
            },
            "second": {
                "max": 0.0,
                "p50": 0.0,
                "p95": 0.0,
                "p99": 0.0,
                "min": 0.0,
                "count": 8
            }
        },
        "10M": {
            "first": {
                "max": 298.0,
                "p50": 282.7,
                "p95": 295.515,
                "p99": 297.503,
                "min": 278.7,
                "count": 8
            },
            "second": {
                "max": 0.0,
                "p50": 0.0,
                "p95": 0.0,
                "p99": 0.0,
                "min": 0.0,
                "count": 8
            }
        },
        "1000M": {
            "second": {
                "max": 0.0,
                "p50": 0.0,
                "p95": 0.0,
                "p99": 0.0,
                "min": 0.0,
                "count": 8
            },
            "first": {
                "max": 28774.4,
                "p50": 26030.08,
                "p95": 28749.312,
                "p99": 28769.382400000002,
                "min": 22497.28,
                "count": 8
            }
        }
    },
    "besu": {
        "10M": {
            "first": {
                "max": 2706.432,
                "p50": 2628.608,
                "p95": 2689.5872,
                "p99": 2703.06304,
                "min": 2490.368,
                "count": 8
            },
            "second": {
                "max": 2737.152,
                "p50": 2591.232,
                "p95": 2702.7455999999997,
                "p99": 2730.27072,
                "min": 1874.944,
                "count": 8
            }
        },
        "1000M": {
            "first": {
                "max": 32716.8,
                "p50": 32506.879999999997,
                "p95": 32702.464,
                "p99": 32713.9328,
                "min": 31856.64,
                "count": 8
            }
        },