{
    "nethermind": {
        "10M": {
            "second": {
                "max": 701.7,
                "p50": 531.0,
                "p95": 644.4749999999999,
                "p99": 690.255,
                "min": 432.5,
                "count": 8
            },
            "first": {
                "max": 729.6,
                "p50": 537.75,
                "p95": 712.38,
                "p99": 726.156,
                "min": 502.0,
                "count": 8
            }
        },
        "1000M": {
            "first": {
                "max": 20551.68,
                "p50": 20085.760000000002,
                "p95": 20505.088,
                "p99": 20542.3616,
                "min": 19619.84,
                "count": 2
            },
            "second": {
                "max": 22190.08,
                "p50": 20766.72,
                "p95": 22047.744000000002,
                "p99": 22161.612800000003,
                "min": 19343.36,
                "count": 2
            }
        },
        "100M": {
            "first": {
                "max": 2542.592,
                "p50": 2200.576,
                "p95": 2454.4256,
                "p99": 2524.95872,
                "min": 2124.8,
                "count": 8
            },
            "second": {
                "max": 2393.088,
                "p50": 2242.56,
                "p95": 2357.6064,
                "p99": 2385.99168,
                "min": 2166.784,
                "count": 8
            }
        },
        "500M": {
            "second": {
                "max": 11448.32,
                "p50": 10664.96,
                "p95": 11261.952,
                "p99": 11411.0464,
                "min": 10321.92,
                "count": 8
            },
            "first": {
                "max": 12185.6,
                "p50": 11233.28,
                "p95": 11988.48,
                "p99": 12146.176,
                "min": 10138.624,
                "count": 8
            }
        },
        "1M": {
            "second": {
                "max": 461.3,
                "p50": 418.7,
                "p95": 453.635,
                "p99": 459.767,
                "min": 396.2,
                "count": 8
            },
            "first": {
                "max": 441.8,
                "p50": 413.8,
                "p95": 436.48,
                "p99": 440.736,
                "min": 394.1,
                "count": 8
            }
        }
    },
    "reth": {
        "500M": {
            "first": {
                "max": 8128.512,
                "p50": 6839.296,
                "p95": 8048.5887999999995,
                "p99": 8112.52736,
                "min": 6664.192,
                "count": 8
            },
            "second": {
                "max": 0.0,
                "p50": 0.0,
                "p95": 0.0,
                "p99": 0.0,
                "min": 0.0,
                "count": 8
            }
        },
        "1M": {
            "second": {
                "max": 0.0,
                "p50": 0.0,
                "p95": 0.0,
                "p99": 0.0,
                "min": 0.0,
                "count": 8
            },
            "first": {
                "max": 0.0,
                "p50": 0.0,
                "p95": 0.0,
                "p99": 0.0,
                "min": 0.0,
                "count": 8
            }
        },
        "100M": {
            "second": {
                "max": 0.0,
                "p50": 0.0,
                "p95": 0.0,
                "p99": 0.0,
                "min": 0.0,
                "count": 8
            },
            "first": {
                "max": 1814.528,
                "p50": 1723.904,
                "p95": 1792.3072,
                "p99": 1810.08384,
                "min": 1366.016,
                "count": 8
            }
        },
        "10M": {
            "first": {
                "max": 0.0,
                "p50": 0.0,
                "p95": 0.0,
                "p99": 0.0,
                "min": 0.0,
                "count": 8
            },
            "second": {
                "max": 0.0,
                "p50": 0.0,
                "p95": 0.0,
                "p99": 0.0,
                "min": 0.0,
                "count": 8
            }
        },
        "1000M": {
            "second": {
                "max": 0.0,
                "p50": 0.0,
                "p95": 0.0,
                "p99": 0.0,
                "min": 0.0,
                "count": 2
            },
            "first": {
                "max": 16988.16,
                "p50": 16988.16,
                "p95": 16988.16,
                "p99": 16988.16,
                "min": 16988.16,
                "count": 2
            }
        }
    },
    "erigon": {
        "100M": {
            "first": {
                "max": 3300.352,
                "p50": 3230.208,
                "p95": 3298.56,
                "p99": 3299.9936,
                "min": 2638.848,
                "count": 8
            },
            "second": {
                "max": 0.0,
                "p50": 0.0,
                "p95": 0.0,
                "p99": 0.0,
                "min": 0.0,
                "count": 8
            }
        },
        "1M": {
            "second": {
                "max": 0.0,
                "p50": 0.0,
                "p95": 0.0,
                "p99": 0.0,
                "min": 0.0,
                "count": 8
            },
            "first": {
                "max": 0.0,
                "p50": 0.0,
                "p95": 0.0,
                "p99": 0.0,
                "min": 0.0,
                "count": 8
            }
        },
        "500M": {
            "first": {
                "max": 13701.12,
                "p50": 12892.16,
                "p95": 13661.696,
                "p99": 13693.235200000001,
                "min": 12195.84,
                "count": 8
            },
            "second": {
                "max": 0.0,
                "p50": 0.0,
                "p95": 0.0,
                "p99": 0.0,
                "min": 0.0,
                "count": 8
            }
        },
        "10M": {
            "first": {
                "max": 291.2,
                "p50": 267.9,
                "p95": 287.315,
                "p99": 290.423,
                "min": 262.8,
                "count": 8
            },
            "second": {
                "max": 0.0,
                "p50": 0.0,
                "p95": 0.0,
                "p99": 0.0,
                "min": 0.0,
                "count": 8
            }
        },
        "1000M": {
            "second": {
                "max": 0.0,
                "p50": 0.0,
                "p95": 0.0,
                "p99": 0.0,
                "min": 0.0,
                "count": 2
            },
            "first": {
                "max": 23029.76,
                "p50": 22691.839999999997,
                "p95": 22995.967999999997,
                "p99": 23023.0016,
                "min": 22353.92,
                "count": 2
            }
        }
    },
    "besu": {
        "10M": {
            "first": {
                "max": 2674.688,
                "p50": 2516.48,
                "p95": 2661.0688,
                "p99": 2671.96416,
                "min": 2337.792,
                "count": 8
            },
            "second": {
                "max": 2616.32,
                "p50": 2530.304,
                "p95": 2609.152,
                "p99": 2614.8864000000003,
                "min": 2215.936,
                "count": 8
            }
        },
        "1M": {
            "first": {
                "max": 820.4,
                "p50": 581.5,
                "p95": 814.905,
                "p99": 819.3009999999999,
                "min": 391.2,
                "count": 8
            },
            "second": {
                "max": 474.6,
                "p50": 422.2,
                "p95": 463.05,