{
    "nethermind": {
        "10M": {
            "second": {
                "max": 703.0,
                "p50": 591.8,
                "p95": 690.82,
                "p99": 700.564,
                "min": 456.6,
                "count": 8
            },
            "first": {
                "max": 738.0,
                "p50": 550.35,
                "p95": 720.395,
                "p99": 734.479,
                "min": 467.5,
                "count": 8
            }
        },
        "1000M": {
            "first": {
                "max": 22108.16,
                "p50": 21514.239999999998,
                "p95": 22029.312,
                "p99": 22092.3904,
                "min": 20019.2,
                "count": 8
            },
            "second": {
                "max": 22456.32,
                "p50": 21632.0,
                "p95": 22388.224,
                "p99": 22442.7008,
                "min": 19957.76,
                "count": 8
            }
        },
        "100M": {
            "first": {
                "max": 2459.648,
                "p50": 2379.264,
                "p95": 2458.9312,
                "p99": 2459.50464,
                "min": 2222.08,
                "count": 8
            },
            "second": {
                "max": 2486.272,
                "p50": 2273.2799999999997,
                "p95": 2435.3792,
                "p99": 2476.09344,
                "min": 2160.64,
                "count": 8
            }
        },
        "500M": {
            "second": {
                "max": 11714.56,
                "p50": 11238.400000000001,
                "p95": 11632.128,
                "p99": 11698.0736,
                "min": 10649.6,
                "count": 8
            },
            "first": {
                "max": 11653.12,
                "p50": 11074.560000000001,
                "p95": 11577.856,
                "p99": 11638.067200000001,
                "min": 10146.816,
                "count": 8
            }
        },
        "1M": {
            "second": {
                "max": 456.8,
                "p50": 426.95000000000005,
                "p95": 452.215,
                "p99": 455.883,
                "min": 372.5,
                "count": 8
            },
            "first": {
                "max": 460.0,
                "p50": 399.25,
                "p95": 450.72499999999997,
                "p99": 458.145,
                "min": 379.7,
                "count": 8
            }
        }
    },
    "reth": {
        "500M": {
            "first": {
                "max": 8338.432,
                "p50": 7498.752,
                "p95": 8247.04,
                "p99": 8320.153600000001,
                "min": 6651.904,
                "count": 8
            },
            "second": {
                "max": 3132.416,
                "p50": 3122.688,
                "p95": 3132.416,
                "p99": 3132.416,
                "min": 3112.96,
                "count": 8
            }
        },
        "1000M": {
            "second": {
                "max": 7395.328,
                "p50": 7390.2080000000005,
                "p95": 7394.9696,
                "p99": 7395.25632,
                "min": 6961.152,
                "count": 8
            },
            "first": {
                "max": 16988.16,
                "p50": 16977.92,
                "p95": 16988.16,
                "p99": 16988.16,
                "min": 16967.68,
                "count": 8
            }
        },
        "1M": {
            "second": {
                "max": 0.0,
                "p50": 0.0,
                "p95": 0.0,
                "p99": 0.0,
                "min": 0.0,
                "count": 8
            },
            "first": {
                "max": 0.0,
                "p50": 0.0,
                "p95": 0.0,
                "p99": 0.0,
                "min": 0.0,
                "count": 8
            }
        },
        "100M": {
            "second": {
                "max": 0.0,
                "p50": 0.0,
                "p95": 0.0,
                "p99": 0.0,
                "min": 0.0,
                "count": 8
            },
            "first": {
                "max": 2100.224,
                "p50": 1758.208,
                "p95": 2006.3231999999998,
                "p99": 2081.44384,
                "min": 1285.12,
                "count": 8
            }
        },
        "10M": {
            "first": {
                "max": 0.0,
                "p50": 0.0,
                "p95": 0.0,
                "p99": 0.0,
                "min": 0.0,
                "count": 8
            },
            "second": {
                "max": 0.0,
                "p50": 0.0,
                "p95": 0.0,
                "p99": 0.0,
                "min": 0.0,
                "count": 8
            }
        }
    },
    "erigon": {
        "100M": {
            "first": {
                "max": 3295.232,
                "p50": 3236.352,
                "p95": 3292.7232,
                "p99": 3294.73024,
                "min": 2686.976,
                "count": 8
            },
            "second": {
                "max": 0.0,
                "p50": 0.0,
                "p95": 0.0,
                "p99": 0.0,
                "min": 0.0,
                "count": 8
            }
        },
        "1M": {
            "second": {
                "max": 0.0,
                "p50": 0.0,
                "p95": 0.0,
                "p99": 0.0,
                "min": 0.0,
                "count": 8
            },
            "first": {
                "max": 0.0,
                "p50": 0.0,
                "p95": 0.0,
                "p99": 0.0,
                "min": 0.0,
                "count": 8
            }
        },
        "500M": {
            "first": {
                "max": 14571.52,
                "p50": 13588.48,
                "p95": 14550.016,
                "p99": 14567.2192,
                "min": 12564.48,
                "count": 8
            },
            "second": {
                "max": 0.0,
                "p50": 0.0,
                "p95": 0.0,
                "p99": 0.0,
                "min": 0.0,
                "count": 8
            }
        },
        "10M": {
            "first": {
                "max": 289.2,
                "p50": 270.55,
                "p95": 286.575,
                "p99": 288.675,
                "min": 256.9,
                "count": 8
            },
            "second": {
                "max": 0.0,
                "p50": 0.0,
                "p95": 0.0,
                "p99": 0.0,
                "min": 0.0,
                "count": 8
            }
        },
        "1000M": {
            "second": {
                "max": 0.0,
                "p50": 0.0,
                "p95": 0.0,
                "p99": 0.0,
                "min": 0.0,
                "count": 8
            },
            "first": {
                "max": 28743.68,
                "p50": 22947.84,
                "p95": 28732.928,
                "p99": 28741.5296,
                "min": 22108.16,
                "count": 8
            }
        }
    },
    "besu": {
        "10M": {
            "first": {
                "max": 2709.504,
                "p50": 2568.192,
                "p95": 2676.8896,
                "p99": 2702.98112,
                "min": 2388.992,
                "count": 8
            },
            "second": {
                "max": 2660.352,
                "p50": 2526.208,
                "p95": 2656.0512,
                "p99": 2659.4918399999997,
                "min": 2451.456,
                "count": 8
            }
        },
        "1000M": {
            "first": {
                "max": 32665.6,
                "p50": 32286.72,
                "p95": 32636.928,
                "p99": 32659.865599999997,
                "min": 31447.04,
                "count": 8
            }
        },