{
    "reth": {
        "500M": {
            "first": {
                "max": 11550.72,
                "p50": 10972.16,
                "p95": 11457.536,
                "p99": 11532.0832,
                "min": 9260.032,
                "count": 8
            },
            "second": {
                "max": 3950.592,
                "p50": 3949.568,
                "p95": 3950.592,
                "p99": 3950.592,
                "min": 3945.472,
                "count": 8
            }
        },
        "1000M": {
            "second": {
                "max": 7157.76,
                "p50": 7150.08,
                "p95": 7156.6848,
                "p99": 7157.54496,
                "min": 7136.256,
                "count": 8
            },
            "first": {
                "max": 22036.48,
                "p50": 21980.16,
                "p95": 22029.311999999998,
                "p99": 22035.0464,
                "min": 21319.68,
                "count": 8
            }
        }
    },
    "erigon": {
        "500M": {
            "first": {
                "max": 14622.72,
                "p50": 13747.2,
                "p95": 14601.216,
                "p99": 14618.4192,
                "min": 12513.28,
                "count": 8
            },
            "second": {
                "max": 73.56,
                "p50": 70.24,
                "p95": 72.993,
                "p99": 73.4466,
                "min": 67.75,
                "count": 8
            }
        },
        "1000M": {
            "second": {
                "max": 74.06,
                "p50": 69.53999999999999,
                "p95": 73.7275,
                "p99": 73.9935,
                "min": 66.75,
                "count": 8
            },
            "first": {
                "max": 26634.24,
                "p50": 23464.96,
                "p95": 26576.896,
                "p99": 26622.771200000003,
                "min": 22661.12,
                "count": 8
            }
        }
    },
    "besu": {
        "500M": {
            "second": {
                "max": 39301.12,
                "p50": 39244.8,
                "p95": 39290.368,
                "p99": 39298.969600000004,
                "min": 39096.32,
                "count": 8
            },
            "first": {
                "max": 39301.12,
                "p50": 39183.36,
                "p95": 39283.200000000004,
                "p99": 39297.536,
                "min": 39106.56,
                "count": 8
            }
        },
        "1000M": {
            "first": {
                "max": 34344.96,
                "p50": 34324.48,
                "p95": 34341.376,
                "p99": 34344.2432,
                "min": 34283.52,
                "count": 8
            }
        }
    },
    "nethermind": {
        "1000M": {
            "first": {
                "max": 28139.52,
                "p50": 26214.4,
                "p95": 27813.376,
                "p99": 28074.2912,
                "min": 25907.2,
                "count": 8
            },
            "second": {
                "max": 27402.24,
                "p50": 27207.68,
                "p95": 27395.072,
                "p99": 27400.8064,
                "min": 26060.8,
                "count": 8
            }
        },
        "500M": {
            "second": {
                "max": 16168.96,
                "p50": 16030.720000000001,
                "p95": 16168.96,
                "p99": 16168.96,
                "min": 15472.64,
                "count": 8
            },
            "first": {
                "max": 16250.88,
                "p50": 16153.599999999999,
                "p95": 16229.376,
                "p99": 16246.5792,
                "min": 15452.16,
                "count": 8
            }
        }
    },
    "geth": {
        "500M": {
            "first": {
                "max": 29235.2,
                "p50": 27320.32,
                "p95": 28855.296,
                "p99": 29159.2192,
                "min": 26429.44,
                "count": 8
            },
            "second": {
                "max": 49.8,
                "p50": 45.75,
                "p95": 49.079,
                "p99": 49.6558,
                "min": 43.46,
                "count": 8
            }
        },
        "1000M": {
            "first": {
                "max": 56483.84,
                "p50": 55685.119999999995,
                "p95": 56415.744,
                "p99": 56470.220799999996,
                "min": 54312.96,
                "count": 8
            },
            "second": {
                "max": 51.01,
                "p50": 48.045,
                "p95": 50.817499999999995,
                "p99": 50.9715,
                "min": 45.52,
                "count": 8
            }
        }
    }
}