{
    "reth": {
        "500M": {
            "first": {
                "max": 11038.72,
                "p50": 10337.792000000001,
                "p95": 11038.72,
                "p99": 11038.72,
                "min": 9297.92,
                "count": 8
            },
            "second": {
                "max": 3949.568,
                "p50": 3949.568,
                "p95": 3949.568,
                "p99": 3949.568,
                "min": 3939.328,
                "count": 8
            }
        },
        "1000M": {
            "second": {
                "max": 7160.832,
                "p50": 7147.008,
                "p95": 7159.7568,
                "p99": 7160.61696,
                "min": 7133.184,
                "count": 8
            },
            "first": {
                "max": 21995.52,
                "p50": 21959.68,
                "p95": 21991.936,
                "p99": 21994.803200000002,
                "min": 21903.36,
                "count": 8
            }
        }
    },
    "erigon": {
        "500M": {
            "first": {
                "max": 13987.84,
                "p50": 12733.44,
                "p95": 13977.088,
                "p99": 13985.6896,
                "min": 12584.96,
                "count": 8
            },
            "second": {
                "max": 74.87,
                "p50": 72.68,
                "p95": 74.667,
                "p99": 74.8294,
                "min": 67.0,
                "count": 8
            }
        },
        "1000M": {
            "second": {
                "max": 73.98,
                "p50": 72.21000000000001,
                "p95": 73.602,
                "p99": 73.90440000000001,
                "min": 66.92,
                "count": 8
            },
            "first": {
                "max": 26880.0,
                "p50": 22707.199999999997,
                "p95": 26808.32,
                "p99": 26865.664,
                "min": 22128.64,
                "count": 8
            }
        }
    },
    "besu": {
        "500M": {
            "second": {
                "max": 39301.12,
                "p50": 39147.52,
                "p95": 39272.448000000004,
                "p99": 39295.3856,
                "min": 39065.6,
                "count": 8
            },
            "first": {
                "max": 39260.16,
                "p50": 39188.48,
                "p95": 39256.576,
                "p99": 39259.4432,
                "min": 39157.76,
                "count": 8
            }
        },
        "1000M": {
            "first": {
                "max": -1.0,
                "p50": -1.0,
                "p95": -1.0,
                "p99": -1.0,
                "min": -1.0,
                "count": 8
            }
        }
    },
    "nethermind": {
        "1000M": {
            "first": {
                "max": 27146.24,
                "p50": 26132.48,
                "p95": 27135.488,
                "p99": 27144.089600000003,
                "min": 25702.4,
                "count": 8
            },
            "second": {
                "max": 27248.64,
                "p50": 26506.239999999998,
                "p95": 27234.304,
                "p99": 27245.7728,
                "min": 25722.88,
                "count": 8
            }
        },
        "500M": {
            "second": {
                "max": 16189.44,
                "p50": 15605.76,
                "p95": 16150.016,
                "p99": 16181.5552,
                "min": 15360.0,
                "count": 8
            },
            "first": {
                "max": 16168.96,
                "p50": 16153.599999999999,
                "p95": 16168.96,
                "p99": 16168.96,
                "min": 15431.68,
                "count": 8
            }
        }
    },
    "geth": {
        "500M": {
            "first": {
                "max": 28026.88,
                "p50": 26741.760000000002,
                "p95": 27815.424,
                "p99": 27984.5888,
                "min": 25180.16,
                "count": 8
            },
            "second": {
                "max": 51.05,
                "p50": 46.114999999999995,
                "p95": 50.903,
                "p99": 51.020599999999995,
                "min": 43.85,
                "count": 8
            }
        },
        "1000M": {
            "first": {
                "max": 57702.4,
                "p50": 54963.2,
                "p95": 57003.52,
                "p99": 57562.624,
                "min": 50288.64,
                "count": 8
            },
            "second": {
                "max": 47.76,
                "p50": 45.709999999999994,
                "p95": 47.732,
                "p99": 47.7544,
                "min": 41.0,
                "count": 8
            }
        }
    }
}