{
    "reth": {
        "500M": {
            "first": {
                "max": 10516.48,
                "p50": 9928.192,
                "p95": 10516.48,
                "p99": 10516.48,
                "min": 9174.016,
                "count": 8
            },
            "second": {
                "max": 3951.616,
                "p50": 3949.568,
                "p95": 3951.2576,
                "p99": 3951.54432,
                "min": 3946.496,
                "count": 8
            }
        },
        "1000M": {
            "second": {
                "max": 7169.024,
                "p50": 7147.52,
                "p95": 7164.7232,
                "p99": 7168.16384,
                "min": 7122.944,
                "count": 8
            },
            "first": {
                "max": 22968.32,
                "p50": 21980.16,
                "p95": 22828.543999999998,
                "p99": 22940.3648,
                "min": 21811.2,
                "count": 8
            }
        }
    },
    "erigon": {
        "500M": {
            "first": {
                "max": 14561.28,
                "p50": 14018.56,
                "p95": 14557.696,
                "p99": 14560.5632,
                "min": 12564.48,
                "count": 8
            },
            "second": {
                "max": 72.93,
                "p50": 71.62,
                "p95": 72.909,
                "p99": 72.92580000000001,
                "min": 66.34,
                "count": 8
            }
        },
        "1000M": {
            "second": {
                "max": 72.86,
                "p50": 71.195,
                "p95": 72.692,
                "p99": 72.82639999999999,
                "min": 65.22,
                "count": 8
            },
            "first": {
                "max": 28631.04,
                "p50": 23265.28,
                "p95": 28269.056,
                "p99": 28558.643200000002,
                "min": 22067.2,
                "count": 8
            }
        }
    },
    "besu": {
        "500M": {
            "second": {
                "max": 39260.16,
                "p50": 39193.600000000006,
                "p95": 39245.824,
                "p99": 39257.2928,
                "min": 38993.92,
                "count": 8
            },
            "first": {
                "max": 39331.84,
                "p50": 39193.6,
                "p95": 39303.168,
                "p99": 39326.105599999995,
                "min": 39116.8,
                "count": 8
            }
        },
        "1000M": {
            "first": {
                "max": -1.0,
                "p50": -1.0,
                "p95": -1.0,
                "p99": -1.0,
                "min": -1.0,
                "count": 8
            }
        }
    },
    "nethermind": {
        "1000M": {
            "first": {
                "max": 31354.88,
                "p50": 27171.84,
                "p95": 30311.935999999998,
                "p99": 31146.2912,
                "min": 25671.68,
                "count": 8
            },
            "second": {
                "max": 27371.52,
                "p50": 26214.4,
                "p95": 27317.76,
                "p99": 27360.768,
                "min": 25692.16,
                "count": 8
            }
        },
        "500M": {
            "second": {
                "max": 16128.0,
                "p50": 15605.76,
                "p95": 16110.08,
                "p99": 16124.416,
                "min": 15441.92,
                "count": 8
            },
            "first": {
                "max": 16230.4,
                "p50": 15800.32,
                "p95": 16216.064,
                "p99": 16227.532799999999,
                "min": 15421.44,
                "count": 8
            }
        }
    },
    "geth": {
        "500M": {
            "first": {
                "max": 27914.24,
                "p50": 27207.68,
                "p95": 27889.152000000002,
                "p99": 27909.222400000002,
                "min": 25436.16,
                "count": 8
            },
            "second": {
                "max": 51.21,
                "p50": 47.375,
                "p95": 50.8495,
                "p99": 51.1379,
                "min": 44.19,
                "count": 8
            }
        },
        "1000M": {
            "first": {
                "max": 57364.48,
                "p50": 55848.96,
                "p95": 57056.256,
                "p99": 57302.8352,
                "min": 53821.44,
                "count": 8
            },
            "second": {
                "max": 48.84,
                "p50": 46.83,
                "p95": 48.7385,
                "p99": 48.819700000000005,
                "min": 43.16,
                "count": 8
            }
        }
    }
}