{
    "reth": {
        "500M": {
            "first": {
                "max": 11028.48,
                "p50": 9575.424,
                "p95": 10756.096,
                "p99": 10974.0032,
                "min": 9223.168,
                "count": 8
            },
            "second": {
                "max": 3942.4,
                "p50": 3941.376,
                "p95": 3942.4,
                "p99": 3942.4,
                "min": 3932.16,
                "count": 8
            }
        },
        "1000M": {
            "second": {
                "max": 7159.808,
                "p50": 7142.912,
                "p95": 7156.9408,
                "p99": 7159.23456,
                "min": 7121.92,
                "count": 8
            },
            "first": {
                "max": 22784.0,
                "p50": 22005.76,
                "p95": 22665.728,
                "p99": 22760.3456,
                "min": 21596.16,
                "count": 8
            }
        }
    },
    "erigon": {
        "500M": {
            "first": {
                "max": 14561.28,
                "p50": 14074.880000000001,
                "p95": 14554.112000000001,
                "p99": 14559.8464,
                "min": 12554.24,
                "count": 8
            },
            "second": {
                "max": 73.06,
                "p50": 71.02,
                "p95": 73.011,
                "p99": 73.0502,
                "min": 66.63,
                "count": 8
            }
        },
        "1000M": {
            "second": {
                "max": 74.1,
                "p50": 72.015,
                "p95": 73.8095,
                "p99": 74.0419,
                "min": 69.84,
                "count": 8
            },
            "first": {
                "max": 28692.48,
                "p50": 23511.04,
                "p95": 28688.896,
                "p99": 28691.7632,
                "min": 21934.08,
                "count": 8
            }
        }
    },
    "besu": {
        "500M": {
            "second": {
                "max": 39280.64,
                "p50": 39229.44,
                "p95": 39273.472,
                "p99": 39279.2064,
                "min": 39075.84,
                "count": 8
            },
            "first": {
                "max": 39311.36,
                "p50": 39239.68,
                "p95": 39300.608,
                "p99": 39309.2096,
                "min": 39096.32,
                "count": 8
            }
        },
        "1000M": {
            "first": {
                "max": -1.0,
                "p50": -1.0,
                "p95": -1.0,
                "p99": -1.0,
                "min": -1.0,
                "count": 8
            }
        }
    },
    "nethermind": {
        "1000M": {
            "first": {
                "max": 28395.52,
                "p50": 26127.36,
                "p95": 27969.023999999998,
                "p99": 28310.2208,
                "min": 25559.04,
                "count": 8
            },
            "second": {
                "max": 27217.92,
                "p50": 26583.04,
                "p95": 27200.0,
                "p99": 27214.336,
                "min": 25794.56,
                "count": 8
            }
        }
    },
    "geth": {
        "500M": {
            "first": {
                "max": 28098.56,
                "p50": 27576.32,
                "p95": 28016.128,
                "p99": 28082.0736,
                "min": 25323.52,
                "count": 8
            },
            "second": {
                "max": 47.05,
                "p50": 44.535,
                "p95": 47.035999999999994,
                "p99": 47.0472,
                "min": 41.5,
                "count": 8
            }
        },
        "1000M": {
            "first": {
                "max": 57661.44,
                "p50": 55951.36,
                "p95": 57643.520000000004,
                "p99": 57657.856,
                "min": 54538.24,
                "count": 8
            },
            "second": {
                "max": 50.19,
                "p50": 45.18000000000001,
                "p95": 49.2975,
                "p99": 50.0115,
                "min": 41.03,
                "count": 8
            }
        }
    }
}